{"iter": 500, "train/loss": 2.6546618938446045, "val/loss": 3.169027805328369, "lr": 0.00015, "mfu": 12.88891670061409, "_timestamp": 1737069576.6535056, "_runtime": 2657.3394496440887, "_step": 1, "_wandb": {"runtime": 2724}}