{"iter": 5000, "train/loss": 0.012629452161490917, "val/loss": 11.889612197875977, "lr": 0.0005999664675978719, "mfu": 13.100616318456886, "_timestamp": 1737096150.8154125, "_runtime": 25975.605929613113, "_step": 10, "_wandb": {"runtime": 25993}}