{"acc": 0.87707734941065, "loss": 0.22444188757934036, "_timestamp": 1720366364.157248, "_runtime": 18.541160106658936, "_step": 7, "_wandb": {"runtime": 17}}