{"iter": 200, "train/loss": 3.603806495666504, "val/loss": 3.7039194107055664, "lr": 5.9999999999999995e-05, "mfu": 11.986200809527164, "_timestamp": 1737704314.066123, "_runtime": 1470.0203750133514, "_step": 10, "_wandb": {"runtime": 1496}}