{"iter": 0, "train/loss": 10.976025581359863, "val/loss": 10.978806495666504, "lr": 0.0, "mfu": -100.0, "_timestamp": 1737671943.153814, "_runtime": 33.35601496696472, "_step": 0, "_wandb": {"runtime": 213}}