{"iter": 100, "train/loss": 7.598729133605957, "val/loss": 7.683010101318359, "lr": 2.9999999999999997e-05, "mfu": 11.837631136190987, "_timestamp": 1737702097.4124742, "_runtime": 902.2274191379547, "_step": 10, "_wandb": {"runtime": 922}}