training iterations,perplexity,perplexity POS
7000,110.42908477783203,1.0109645128250122
7500,108.84734344482422,1.0122061967849731
8000,161.63658142089844,1.0167174339294434
