{"iter": 4500, "train/loss": 0.011085272766649723, "val/loss": 11.462411880493164, "lr": 0.0002999087257472659, "mfu": 12.327697954950542, "_timestamp": 1737700482.6109257, "_runtime": 24752.976829767227, "_step": 9}