{"iter": 5000, "train/loss": 0.013769214041531086, "val/loss": 6.1191911697387695, "lr": 0.0005999664675978719, "mfu": 12.864131979625043, "_timestamp": 1737096762.5773592, "_runtime": 26613.84731221199, "_step": 10, "_wandb": {"runtime": 26631}}