{"iter": 0, "train/loss": 10.970447540283203, "val/loss": 10.97244644165039, "lr": 0.0, "mfu": -100.0, "_timestamp": 1735859797.7783282, "_runtime": 322.00951623916626, "_step": 0, "_wandb": {"runtime": 30575}}