{"acc": 0.8672326616070314, "loss": 0.21040098606392132, "_timestamp": 1720366759.7663412, "_runtime": 18.571235179901123, "_step": 7, "_wandb": {"runtime": 17}}