{"iter": 100, "train/loss": 5.005937099456787, "val/loss": 5.060914039611816, "lr": 2.9999999999999997e-05, "mfu": 11.580605854790864, "_timestamp": 1737702085.733464, "_runtime": 912.4382081031799, "_step": 10, "_wandb": {"runtime": 938}}