{"iter": 10, "train/loss": 10.059874534606934, "val/loss": 10.092061042785645, "lr": 2.9999999999999997e-06, "mfu": 12.624412692052072, "_timestamp": 1737702945.8145146, "_runtime": 97.31249475479126, "_step": 1, "_wandb": {"runtime": 111}}