{"iter": 2000, "train/loss": 0.022789020091295242, "val/loss": 4.898452281951904, "lr": 0.0002999925482693903, "mfu": 11.722075176471659, "_timestamp": 1737687304.931042, "_runtime": 11667.62839794159, "_step": 10, "_wandb": {"runtime": 11692}}