{"iter": 40, "train/loss": 8.87038803100586, "val/loss": 8.905206680297852, "lr": 1.1999999999999999e-05, "mfu": 12.370415339495269, "_timestamp": 1737703309.4593017, "_runtime": 290.4618058204651, "_step": 2, "_wandb": {"runtime": 398}}