{"iter": 480, "train/loss": 2.754439353942871, "val/loss": 3.1753804683685303, "lr": 0.00014399999999999998, "mfu": 12.348686470839107, "_timestamp": 1737675317.345316, "_runtime": 3163.4197738170624, "_step": 16, "_wandb": {"runtime": 3311}}