{"iter": 200, "train/loss": 5.8671040534973145, "val/loss": 6.154539108276367, "lr": 5.9999999999999995e-05, "mfu": 12.40197607114287, "_timestamp": 1737704909.5575714, "_runtime": 1454.6511814594269, "_step": 10, "_wandb": {"runtime": 1475}}